,epoch,accuracy,loss
0,1,41.846,1.6182306285404489
1,2,54.726,1.281236320048037
2,3,60.434,1.1303761314857952
3,4,63.808,1.0386766850795892
4,5,66.448,0.966045878351192
5,6,68.384,0.9128866308485456
6,7,69.992,0.8683068311732748
7,8,71.088,0.8310023110998256
8,9,72.53,0.7949791198115215
9,10,73.11,0.7750812506355593
10,11,74.164,0.7449202857282765
11,12,75.042,0.7185405237061898
12,13,75.642,0.700584823708705
13,14,76.558,0.6789414491266241
14,15,77.108,0.6599893890454641
15,16,77.758,0.6407058596077477
16,17,78.444,0.6234014224060966
17,18,78.698,0.6093072494125122
18,19,79.534,0.5935083653234765
19,20,79.656,0.5809113436838245
